{
  "Total" : {
    "transaction" : "Total",
    "sampleCount" : 100,
    "errorCount" : 0,
    "errorPct" : 0.0,
    "meanResTime" : 324.36999999999995,
    "medianResTime" : 322.0,
    "minResTime" : 313.0,
    "maxResTime" : 360.0,
    "pct1ResTime" : 331.8,
    "pct2ResTime" : 358.0999999999998,
    "pct3ResTime" : 360.0,
    "throughput" : 1.5714869409435208,
    "receivedKBytesPerSec" : 0.5632184641858126,
    "sentKBytesPerSec" : 0.2424755240908948
  },
  "HTTP Request" : {
    "transaction" : "HTTP Request",
    "sampleCount" : 100,
    "errorCount" : 0,
    "errorPct" : 0.0,
    "meanResTime" : 324.36999999999995,
    "medianResTime" : 322.0,
    "minResTime" : 313.0,
    "maxResTime" : 360.0,
    "pct1ResTime" : 331.8,
    "pct2ResTime" : 358.0999999999998,
    "pct3ResTime" : 360.0,
    "throughput" : 1.5714869409435208,
    "receivedKBytesPerSec" : 0.5632184641858126,
    "sentKBytesPerSec" : 0.2424755240908948
  }
}