{
  "Total" : {
    "transaction" : "Total",
    "sampleCount" : 100,
    "errorCount" : 0,
    "errorPct" : 0.0,
    "meanResTime" : 524.2799999999999,
    "medianResTime" : 519.0,
    "minResTime" : 514.0,
    "maxResTime" : 564.0,
    "pct1ResTime" : 549.2,
    "pct2ResTime" : 561.0,
    "pct3ResTime" : 563.99,
    "throughput" : 1.4801657785671996,
    "receivedKBytesPerSec" : 0.5304891022794552,
    "sentKBytesPerSec" : 0.22838495411486084
  },
  "HTTP Request" : {
    "transaction" : "HTTP Request",
    "sampleCount" : 100,
    "errorCount" : 0,
    "errorPct" : 0.0,
    "meanResTime" : 524.2799999999999,
    "medianResTime" : 519.0,
    "minResTime" : 514.0,
    "maxResTime" : 564.0,
    "pct1ResTime" : 549.2,
    "pct2ResTime" : 561.0,
    "pct3ResTime" : 563.99,
    "throughput" : 1.4801657785671996,
    "receivedKBytesPerSec" : 0.5304891022794552,
    "sentKBytesPerSec" : 0.22838495411486084
  }
}